,year,team,rank_in_conf,wins,losses
0,1946,Chicago Stags,1,39,22
1,1946,St. Louis Bombers,2,38,23
2,1946,Cleveland Rebels,3,30,30
3,1946,Detroit Falcons,4,20,40
4,1946,Pittsburgh Ironmen,5,15,45
5,1946,Washington Capitols,1,49,11
6,1946,Philadelphia Warriors,2,35,25
7,1946,New York Knicks,3,33,27
8,1946,Providence Steamrollers,4,28,32
9,1946,Toronto Huskies,5,22,38
10,1946,Boston Celtics,6,22,38
11,1947,St. Louis Bombers,1,29,19
12,1947,Baltimore Bullets (1st),2,28,20
13,1947,Chicago Stags,3,28,20
14,1947,Washington Capitols,4,28,20
15,1947,Philadelphia Warriors,1,27,21
16,1947,New York Knicks,2,26,22
17,1947,Boston Celtics,3,20,28
18,1947,Providence Steamrollers,4,6,42
19,1948,Rochester Royals,1,45,15
20,1948,Minneapolis Lakers,2,44,16
21,1948,Chicago Stags,3,38,22
22,1948,St. Louis Bombers,4,29,31
23,1948,Fort Wayne Pistons,5,22,38
24,1948,Indianapolis Jets,6,18,42
25,1948,Washington Capitols,1,38,22
26,1948,New York Knicks,2,32,28
27,1948,Baltimore Bullets (1st),3,29,31
28,1948,Philadelphia Warriors,4,28,32
29,1948,Boston Celtics,5,25,35
30,1948,Providence Steamrollers,6,12,48
31,1949,Indianapolis Olympians,1,39,25
32,1949,Anderson Packers,2,37,27
33,1949,Tri-Cities Blackhawks,3,29,35
34,1949,Sheboygan Red Skins,4,22,40
35,1949,Waterloo Hawks,5,19,43
36,1949,Denver Nuggets (1st),6,11,51
37,1949,Syracuse Nationals,1,51,13
38,1949,New York Knicks,2,40,28
39,1949,Washington Capitols,3,32,36
40,1949,Philadelphia Warriors,4,26,42
41,1949,Baltimore Bullets (1st),5,25,43
42,1949,Boston Celtics,6,22,46
43,1949,Minneapolis Lakers,1,51,17
44,1949,Rochester Royals,2,51,17
45,1949,Fort Wayne Pistons,3,40,28
46,1949,Chicago Stags,4,40,28
47,1949,St. Louis Bombers,5,26,42
48,1950,Minneapolis Lakers,1,44,24
49,1950,Rochester Royals,2,41,27
50,1950,Fort Wayne Pistons,3,32,36
51,1950,Indianapolis Olympians,4,31,37
52,1950,Tri-Cities Blackhawks,5,25,43
53,1950,Philadelphia Warriors,1,40,26
54,1950,Boston Celtics,2,39,30
55,1950,New York Knicks,3,36,30
56,1950,Syracuse Nationals,4,32,34
57,1950,Baltimore Bullets (1st),5,24,42
58,1950,Washington Capitols,6,10,25
59,1951,Rochester Royals,1,41,25
60,1951,Minneapolis Lakers,2,40,26
61,1951,Indianapolis Olympians,3,34,32
62,1951,Fort Wayne Pistons,4,29,37
63,1951,Milwaukee Hawks,5,17,49
64,1951,Syracuse Nationals,1,40,26
65,1951,Boston Celtics,2,39,27
66,1951,New York Knicks,3,37,29
67,1951,Philadelphia Warriors,4,33,33
68,1951,Baltimore Bullets (1st),5,20,46
69,1952,Minneapolis Lakers,1,48,22
70,1952,Rochester Royals,2,44,26
71,1952,Fort Wayne Pistons,3,36,33
72,1952,Indianapolis Olympians,4,28,43
73,1952,Milwaukee Hawks,5,27,44
74,1952,New York Knicks,1,47,23
75,1952,Syracuse Nationals,2,47,24
76,1952,Boston Celtics,3,46,25
77,1952,Baltimore Bullets (1st),4,16,54
78,1952,Philadelphia Warriors,5,12,57
79,1953,Minneapolis Lakers,1,46,26
80,1953,Rochester Royals,2,44,28
81,1953,Fort Wayne Pistons,3,40,32
82,1953,Milwaukee Hawks,4,21,51
83,1953,New York Knicks,1,44,28
84,1953,Syracuse Nationals,2,42,30
85,1953,Boston Celtics,3,42,30
86,1953,Philadelphia Warriors,4,29,43
87,1953,Baltimore Bullets (1st),5,16,56
88,1954,Fort Wayne Pistons,1,43,29
89,1954,Minneapolis Lakers,2,40,32
90,1954,Rochester Royals,3,29,43
91,1954,Milwaukee Hawks,4,26,46
92,1954,Syracuse Nationals,1,43,29
93,1954,New York Knicks,2,38,34
94,1954,Boston Celtics,3,36,36
95,1954,Philadelphia Warriors,4,33,39
96,1954,Baltimore Bullets (1st),5,3,11
97,1955,Fort Wayne Pistons,1,37,35
98,1955,Minneapolis Lakers,2,33,39
99,1955,St. Louis Hawks,3,33,39
100,1955,Rochester Royals,4,31,41
101,1955,Philadelphia Warriors,1,45,27
102,1955,Boston Celtics,2,39,33
103,1955,Syracuse Nationals,3,35,37
104,1955,New York Knicks,4,35,37
105,1956,St. Louis Hawks,1,34,38
106,1956,Minneapolis Lakers,2,34,38
107,1956,Fort Wayne Pistons,3,34,38
108,1956,Rochester Royals,4,31,41
109,1956,Boston Celtics,1,44,28
110,1956,Syracuse Nationals,2,38,34
111,1956,Philadelphia Warriors,3,37,35
112,1956,New York Knicks,4,36,36
113,1957,St. Louis Hawks,1,41,31
114,1957,Detroit Pistons,2,33,39
115,1957,Cincinnati Royals,3,33,39
116,1957,Minneapolis Lakers,4,19,53
117,1957,Boston Celtics,1,49,23
118,1957,Syracuse Nationals,2,41,31
119,1957,Philadelphia Warriors,3,37,35
120,1957,New York Knicks,4,35,37
121,1958,St. Louis Hawks,1,49,23
122,1958,Minneapolis Lakers,2,33,39
123,1958,Detroit Pistons,3,28,44
124,1958,Cincinnati Royals,4,19,53
125,1958,Boston Celtics,1,52,20
126,1958,New York Knicks,2,40,32
127,1958,Syracuse Nationals,3,35,37
128,1958,Philadelphia Warriors,4,32,40
129,1959,St. Louis Hawks,1,46,29
130,1959,Detroit Pistons,2,30,45
131,1959,Minneapolis Lakers,3,25,50
132,1959,Cincinnati Royals,4,19,56
133,1959,Boston Celtics,1,59,16
134,1959,Philadelphia Warriors,2,49,26
135,1959,Syracuse Nationals,3,45,30
136,1959,New York Knicks,4,27,48
137,1960,St. Louis Hawks,1,51,28
138,1960,Los Angeles Lakers,2,36,43
139,1960,Detroit Pistons,3,34,45
140,1960,Cincinnati Royals,4,33,46
141,1960,Boston Celtics,1,57,22
142,1960,Philadelphia Warriors,2,46,33
143,1960,Syracuse Nationals,3,38,41
144,1960,New York Knicks,4,21,58
145,1961,Los Angeles Lakers,1,54,26
146,1961,Cincinnati Royals,2,43,37
147,1961,Detroit Pistons,3,37,43
148,1961,St. Louis Hawks,4,29,51
149,1961,Chicago Packers,5,18,62
150,1961,Boston Celtics,1,60,20
151,1961,Philadelphia Warriors,2,49,31
152,1961,Syracuse Nationals,3,41,39
153,1961,New York Knicks,4,29,51
154,1962,Los Angeles Lakers,1,53,27
155,1962,St. Louis Hawks,2,48,32
156,1962,Detroit Pistons,3,34,46
157,1962,San Francisco Warriors,4,31,49
158,1962,Chicago Zephyrs,5,25,55
159,1962,Boston Celtics,1,58,22
160,1962,Syracuse Nationals,2,48,32
161,1962,Cincinnati Royals,3,42,38
162,1962,New York Knicks,4,21,59
163,1963,San Francisco Warriors,1,48,32
164,1963,St. Louis Hawks,2,46,34
165,1963,Los Angeles Lakers,3,42,38
166,1963,Baltimore Bullets,4,31,49
167,1963,Detroit Pistons,5,23,57
168,1963,Boston Celtics,1,59,21
169,1963,Cincinnati Royals,2,55,25
170,1963,Philadelphia 76ers,3,34,46
171,1963,New York Knicks,4,22,58
172,1964,Los Angeles Lakers,1,49,31
173,1964,St. Louis Hawks,2,45,35
174,1964,Baltimore Bullets,3,37,43
175,1964,Detroit Pistons,4,31,49
176,1964,San Francisco Warriors,5,17,63
177,1964,Boston Celtics,1,62,18
178,1964,Cincinnati Royals,2,48,32
179,1964,Philadelphia 76ers,3,40,40
180,1964,New York Knicks,4,31,49
181,1965,Los Angeles Lakers,1,45,35
182,1965,Baltimore Bullets,2,38,42
183,1965,St. Louis Hawks,3,36,44
184,1965,San Francisco Warriors,4,35,45
185,1965,Detroit Pistons,5,22,58
186,1965,Philadelphia 76ers,1,55,25
187,1965,Boston Celtics,2,54,26
188,1965,Cincinnati Royals,3,45,35
189,1965,New York Knicks,4,30,50
190,1966,San Francisco Warriors,1,44,37
191,1966,St. Louis Hawks,2,39,42
192,1966,Los Angeles Lakers,3,36,45
193,1966,Chicago Bulls,4,33,48
194,1966,Detroit Pistons,5,30,51
195,1966,Philadelphia 76ers,1,68,13
196,1966,Boston Celtics,2,60,21
197,1966,Cincinnati Royals,3,39,42
198,1966,New York Knicks,4,36,45
199,1966,Baltimore Bullets,5,20,61
200,1967,St. Louis Hawks,1,56,26
201,1967,Los Angeles Lakers,2,52,30
202,1967,San Francisco Warriors,3,43,39
203,1967,Chicago Bulls,4,29,53
204,1967,Seattle Supersonics,5,23,59
205,1967,San Diego Rockets,6,15,67
206,1967,Philadelphia 76ers,1,62,20
207,1967,Boston Celtics,2,54,28
208,1967,New York Knicks,3,43,39
209,1967,Detroit Pistons,4,40,42
210,1967,Cincinnati Royals,5,39,43
211,1967,Baltimore Bullets,6,36,46
212,1968,Los Angeles Lakers,1,55,27
213,1968,Atlanta Hawks,2,48,34
214,1968,San Francisco Warriors,3,41,41
215,1968,San Diego Rockets,4,37,45
216,1968,Chicago Bulls,5,33,49
217,1968,Seattle Supersonics,6,30,52
218,1968,Phoenix Suns,7,16,66
219,1968,Baltimore Bullets,1,57,25
220,1968,Philadelphia 76ers,2,55,27
221,1968,New York Knicks,3,54,28
222,1968,Boston Celtics,4,48,34
223,1968,Cincinnati Royals,5,41,41
224,1968,Detroit Pistons,6,32,50
225,1968,Milwaukee Bucks,7,27,55
226,1969,Atlanta Hawks,1,48,34
227,1969,Los Angeles Lakers,2,46,36
228,1969,Phoenix Suns,3,39,43
229,1969,Chicago Bulls,4,39,43
230,1969,Seattle Supersonics,5,36,46
231,1969,San Francisco Warriors,6,30,52
232,1969,San Diego Rockets,7,27,55
233,1969,New York Knicks,1,60,22
234,1969,Milwaukee Bucks,2,56,26
235,1969,Baltimore Bullets,3,50,32
236,1969,Philadelphia 76ers,4,42,40
237,1969,Cincinnati Royals,5,36,46
238,1969,Boston Celtics,6,34,48
239,1969,Detroit Pistons,7,31,51
240,1970,Milwaukee Bucks,1,66,16
241,1970,Chicago Bulls,2,51,31
242,1970,Phoenix Suns,3,48,34
243,1970,Los Angeles Lakers,4,48,34
244,1970,Detroit Pistons,5,45,37
245,1970,San Francisco Warriors,6,41,41
246,1970,San Diego Rockets,7,40,42
247,1970,Seattle Supersonics,8,38,44
248,1970,Portland Trail Blazers,9,29,53
249,1970,New York Knicks,1,52,30
250,1970,Philadelphia 76ers,2,47,35
251,1970,Boston Celtics,3,44,38
252,1970,Baltimore Bullets,4,42,40
253,1970,Atlanta Hawks,5,36,46
254,1970,Cincinnati Royals,6,33,49
255,1970,Buffalo Braves,7,22,60
256,1970,Cleveland Cavaliers,8,15,67
257,1971,Los Angeles Lakers,1,69,13
258,1971,Milwaukee Bucks,2,63,19
259,1971,Chicago Bulls,3,57,25
260,1971,Golden State Warriors,4,51,31
261,1971,Phoenix Suns,5,49,33
262,1971,Seattle Supersonics,6,47,35
263,1971,Houston Rockets,7,34,48
264,1971,Detroit Pistons,8,26,56
265,1971,Portland Trail Blazers,9,18,64
266,1971,Boston Celtics,1,56,26
267,1971,New York Knicks,2,48,34
268,1971,Baltimore Bullets,3,38,44
269,1971,Atlanta Hawks,4,36,46
270,1971,Cincinnati Royals,5,30,52
271,1971,Philadelphia 76ers,6,30,52
272,1971,Cleveland Cavaliers,7,23,59
273,1971,Buffalo Braves,8,22,60
274,1972,Milwaukee Bucks,1,60,22
275,1972,Los Angeles Lakers,2,60,22
276,1972,Chicago Bulls,3,51,31
277,1972,Golden State Warriors,4,47,35
278,1972,Detroit Pistons,5,40,42
279,1972,Phoenix Suns,6,38,44
280,1972,Kansas City-Omaha Kings,7,36,46
281,1972,Seattle Supersonics,8,26,56
282,1972,Portland Trail Blazers,9,21,61
283,1972,Boston Celtics,1,68,14
284,1972,New York Knicks,2,57,25
285,1972,Baltimore Bullets,3,52,30
286,1972,Atlanta Hawks,4,46,36
287,1972,Houston Rockets,5,33,49
288,1972,Cleveland Cavaliers,6,32,50
289,1972,Buffalo Braves,7,21,61
290,1972,Philadelphia 76ers,8,9,73
291,1973,Milwaukee Bucks,1,59,23
292,1973,Chicago Bulls,2,54,28
293,1973,Detroit Pistons,3,52,30
294,1973,Los Angeles Lakers,4,47,35
295,1973,Golden State Warriors,5,44,38
296,1973,Seattle Supersonics,6,36,46
297,1973,Kansas City-Omaha Kings,7,33,49
298,1973,Phoenix Suns,8,30,52
299,1973,Portland Trail Blazers,9,27,55
300,1973,Boston Celtics,1,56,26
301,1973,New York Knicks,2,49,33
302,1973,Capital Bullets,3,47,35
303,1973,Buffalo Braves,4,42,40
304,1973,Atlanta Hawks,5,35,47
305,1973,Houston Rockets,6,32,50
306,1973,Cleveland Cavaliers,7,29,53
307,1973,Philadelphia 76ers,8,25,57
308,1974,Golden State Warriors,1,48,34
309,1974,Chicago Bulls,2,47,35
310,1974,Kansas City-Omaha Kings,3,44,38
311,1974,Seattle Supersonics,4,43,39
312,1974,Detroit Pistons,5,40,42
313,1974,Milwaukee Bucks,6,38,44
314,1974,Portland Trail Blazers,7,38,44
315,1974,Phoenix Suns,8,32,50
316,1974,Los Angeles Lakers,9,30,52
317,1974,Boston Celtics,1,60,22
318,1974,Washington Bullets,2,60,22
319,1974,Buffalo Braves,3,49,33
320,1974,Houston Rockets,4,41,41
321,1974,New York Knicks,5,40,42
322,1974,Cleveland Cavaliers,6,40,42
323,1974,Philadelphia 76ers,7,34,48
324,1974,Atlanta Hawks,8,31,51
325,1974,New Orleans Jazz,9,23,59
326,1975,Golden State Warriors,1,59,23
327,1975,Seattle Supersonics,2,43,39
328,1975,Phoenix Suns,3,42,40
329,1975,Milwaukee Bucks,4,38,44
330,1975,Detroit Pistons,5,36,46
331,1975,Los Angeles Lakers,6,40,42
332,1975,Portland Trail Blazers,7,37,45
333,1975,Kansas City Kings,8,31,51
334,1975,Chicago Bulls,9,24,58
335,1975,Boston Celtics,1,54,28
336,1975,Cleveland Cavaliers,2,49,33
337,1975,Washington Bullets,3,48,34
338,1975,Philadelphia 76ers,4,46,36
339,1975,Buffalo Braves,5,46,36
340,1975,Houston Rockets,6,40,42
341,1975,New York Knicks,7,38,44
342,1975,New Orleans Jazz,8,38,44
343,1975,Atlanta Hawks,9,29,53
344,1976,Los Angeles Lakers,1,53,29
345,1976,Denver Nuggets,2,50,32
346,1976,Portland Trail Blazers,3,49,33
347,1976,Golden State Warriors,4,46,36
348,1976,Detroit Pistons,5,44,38
349,1976,Chicago Bulls,6,44,38
350,1976,Seattle Supersonics,7,40,42
351,1976,Kansas City Kings,8,40,42
352,1976,Indiana Pacers,9,36,46
353,1976,Phoenix Suns,10,34,48
354,1976,Milwaukee Bucks,11,30,52
355,1976,Philadelphia 76ers,1,50,32
356,1976,Houston Rockets,2,49,33
357,1976,Washington Bullets,3,48,34
358,1976,Boston Celtics,4,44,38
359,1976,San Antonio Spurs,5,44,38
360,1976,Cleveland Cavaliers,6,43,39
361,1976,New York Knicks,7,40,42
362,1976,New Orleans Jazz,8,35,47
363,1976,Atlanta Hawks,9,31,51
364,1976,Buffalo Braves,10,30,52
365,1976,New York Nets,11,22,60
366,1977,Portland Trail Blazers,1,58,24
367,1977,Denver Nuggets,2,48,34
368,1977,Phoenix Suns,3,49,33
369,1977,Seattle Supersonics,4,47,35
370,1977,Los Angeles Lakers,5,45,37
371,1977,Milwaukee Bucks,6,44,38
372,1977,Golden State Warriors,7,43,39
373,1977,Chicago Bulls,8,40,42
374,1977,Detroit Pistons,9,38,44
375,1977,Kansas City Kings,10,31,51
376,1977,Indiana Pacers,11,31,51
377,1977,Philadelphia 76ers,1,55,27
378,1977,San Antonio Spurs,2,52,30
379,1977,Washington Bullets,3,44,38
380,1977,Cleveland Cavaliers,4,43,39
381,1977,New York Knicks,5,43,39
382,1977,Atlanta Hawks,6,41,41
383,1977,New Orleans Jazz,7,39,43
384,1977,Boston Celtics,8,32,50
385,1977,Houston Rockets,9,28,54
386,1977,Buffalo Braves,10,27,55
387,1977,New Jersey Nets,11,24,58
388,1978,Seattle Supersonics,1,52,30
389,1978,Kansas City Kings,2,48,34
390,1978,Phoenix Suns,3,50,32
391,1978,Denver Nuggets,4,47,35
392,1978,Los Angeles Lakers,5,47,35
393,1978,Portland Trail Blazers,6,45,37
394,1978,San Diego Clippers,7,43,39
395,1978,Milwaukee Bucks,8,38,44
396,1978,Golden State Warriors,9,38,44
397,1978,Indiana Pacers,10,38,44
398,1978,Chicago Bulls,11,31,51
399,1978,Washington Bullets,1,54,28
400,1978,San Antonio Spurs,2,48,34
401,1978,Philadelphia 76ers,3,47,35
402,1978,Houston Rockets,4,47,35
403,1978,Atlanta Hawks,5,46,36
404,1978,New Jersey Nets,6,37,45
405,1978,New York Knicks,7,31,51
406,1978,Detroit Pistons,8,30,52
407,1978,Cleveland Cavaliers,9,30,52
408,1978,Boston Celtics,10,29,53
409,1978,New Orleans Jazz,11,26,56
410,1979,Los Angeles Lakers,1,60,22
411,1979,Milwaukee Bucks,2,49,33
412,1979,Seattle Supersonics,3,56,26
413,1979,Phoenix Suns,4,55,27
414,1979,Kansas City Kings,5,47,35
415,1979,Portland Trail Blazers,6,38,44
416,1979,San Diego Clippers,7,35,47
417,1979,Denver Nuggets,8,30,52
418,1979,Chicago Bulls,9,30,52
419,1979,Golden State Warriors,10,24,58
420,1979,Utah Jazz,11,24,58
421,1979,Boston Celtics,1,61,21
422,1979,Atlanta Hawks,2,50,32
423,1979,Philadelphia 76ers,3,59,23
424,1979,Houston Rockets,4,41,41
425,1979,San Antonio Spurs,5,41,41
426,1979,Washington Bullets,6,39,43
427,1979,New York Knicks,7,39,43
428,1979,Indiana Pacers,8,37,45
429,1979,Cleveland Cavaliers,9,37,45
430,1979,New Jersey Nets,10,34,48
431,1979,Detroit Pistons,11,16,66
432,1980,Phoenix Suns,1,57,25
433,1980,San Antonio Spurs,2,52,30
434,1980,Los Angeles Lakers,3,54,28
435,1980,Portland Trail Blazers,4,45,37
436,1980,Kansas City Kings,5,40,42
437,1980,Houston Rockets,6,40,42
438,1980,Golden State Warriors,7,39,43
439,1980,Denver Nuggets,8,37,45
440,1980,San Diego Clippers,9,36,46
441,1980,Seattle Supersonics,10,34,48
442,1980,Utah Jazz,11,28,54
443,1980,Dallas Mavericks,12,15,67
444,1980,Boston Celtics,1,62,20
445,1980,Milwaukee Bucks,2,60,22
446,1980,Philadelphia 76ers,3,62,20
447,1980,New York Knicks,4,50,32
448,1980,Chicago Bulls,5,45,37
449,1980,Indiana Pacers,6,44,38
450,1980,Washington Bullets,7,39,43
451,1980,Atlanta Hawks,8,31,51
452,1980,Cleveland Cavaliers,9,28,54
453,1980,New Jersey Nets,10,24,58
454,1980,Detroit Pistons,11,21,61
455,1981,Los Angeles Lakers,1,57,25
456,1981,San Antonio Spurs,2,48,34
457,1981,Seattle Supersonics,3,52,30
458,1981,Denver Nuggets,4,46,36
459,1981,Phoenix Suns,5,46,36
460,1981,Houston Rockets,6,46,36
461,1981,Golden State Warriors,7,45,37
462,1981,Portland Trail Blazers,8,42,40
463,1981,Kansas City Kings,9,30,52
464,1981,Dallas Mavericks,10,28,54
465,1981,Utah Jazz,11,25,57
466,1981,San Diego Clippers,12,17,65
467,1981,Boston Celtics,1,63,19
468,1981,Milwaukee Bucks,2,55,27
469,1981,Philadelphia 76ers,3,58,24
470,1981,New Jersey Nets,4,44,38
471,1981,Washington Bullets,5,43,39
472,1981,Atlanta Hawks,6,42,40
473,1981,Detroit Pistons,7,39,43
474,1981,Indiana Pacers,8,35,47
475,1981,Chicago Bulls,9,34,48
476,1981,New York Knicks,10,33,49
477,1981,Cleveland Cavaliers,11,15,67
478,1982,Los Angeles Lakers,1,58,24
479,1982,San Antonio Spurs,2,53,29
480,1982,Phoenix Suns,3,53,29
481,1982,Seattle Supersonics,4,48,34
482,1982,Portland Trail Blazers,5,46,36
483,1982,Denver Nuggets,6,45,37
484,1982,Kansas City Kings,7,45,37
485,1982,Dallas Mavericks,8,38,44
486,1982,Golden State Warriors,9,30,52
487,1982,Utah Jazz,10,30,52
488,1982,San Diego Clippers,11,25,57
489,1982,Houston Rockets,12,14,68
490,1982,Philadelphia 76ers,1,65,17
491,1982,Milwaukee Bucks,2,51,31
492,1982,Boston Celtics,3,56,26
493,1982,New Jersey Nets,4,49,33
494,1982,New York Knicks,5,44,38
495,1982,Atlanta Hawks,6,43,39
496,1982,Washington Bullets,7,42,40
497,1982,Detroit Pistons,8,37,45
498,1982,Chicago Bulls,9,28,54
499,1982,Cleveland Cavaliers,10,23,59
500,1982,Indiana Pacers,11,20,62
501,1983,Los Angeles Lakers,1,54,28
502,1983,Utah Jazz,2,45,37
503,1983,Portland Trail Blazers,3,48,34
504,1983,Dallas Mavericks,4,43,39
505,1983,Seattle Supersonics,5,42,40
506,1983,Phoenix Suns,6,41,41
507,1983,Denver Nuggets,7,38,44
508,1983,Kansas City Kings,8,38,44
509,1983,Golden State Warriors,9,37,45
510,1983,San Antonio Spurs,10,37,45
511,1983,San Diego Clippers,11,30,52
512,1983,Houston Rockets,12,29,53
513,1983,Boston Celtics,1,62,20
514,1983,Milwaukee Bucks,2,50,32
515,1983,Philadelphia 76ers,3,52,30
516,1983,Detroit Pistons,4,49,33
517,1983,New York Knicks,5,47,35
518,1983,New Jersey Nets,6,45,37
519,1983,Atlanta Hawks,7,40,42
520,1983,Washington Bullets,8,35,47
521,1983,Cleveland Cavaliers,9,28,54
522,1983,Chicago Bulls,10,27,55
523,1983,Indiana Pacers,11,26,56
524,1984,Los Angeles Lakers,1,62,20
525,1984,Denver Nuggets,2,52,30
526,1984,Houston Rockets,3,48,34
527,1984,Dallas Mavericks,4,44,38
528,1984,Portland Trail Blazers,5,42,40
529,1984,Utah Jazz,6,41,41
530,1984,San Antonio Spurs,7,41,41
531,1984,Phoenix Suns,8,36,46
532,1984,Kansas City Kings,9,31,51
533,1984,Seattle Supersonics,10,31,51
534,1984,Los Angeles Clippers,11,31,51
535,1984,Golden State Warriors,12,22,60
536,1984,Boston Celtics,1,63,19
537,1984,Milwaukee Bucks,2,59,23
538,1984,Philadelphia 76ers,3,58,24
539,1984,Detroit Pistons,4,46,36
540,1984,New Jersey Nets,5,42,40
541,1984,Washington Bullets,6,40,42
542,1984,Chicago Bulls,7,38,44
543,1984,Cleveland Cavaliers,8,36,46
544,1984,Atlanta Hawks,9,34,48
545,1984,New York Knicks,10,24,58
546,1984,Indiana Pacers,11,22,60
547,1985,Los Angeles Lakers,1,62,20
548,1985,Houston Rockets,2,51,31
549,1985,Denver Nuggets,3,47,35
550,1985,Dallas Mavericks,4,44,38
551,1985,Utah Jazz,5,42,40
552,1985,Portland Trail Blazers,6,40,42
553,1985,Sacramento Kings,7,37,45
554,1985,San Antonio Spurs,8,35,47
555,1985,Phoenix Suns,9,32,50
556,1985,Los Angeles Clippers,10,32,50
557,1985,Seattle Supersonics,11,31,51
558,1985,Golden State Warriors,12,30,52
559,1985,Boston Celtics,1,67,15
560,1985,Milwaukee Bucks,2,57,25
561,1985,Philadelphia 76ers,3,54,28
562,1985,Atlanta Hawks,4,50,32
563,1985,Detroit Pistons,5,46,36
564,1985,Washington Bullets,6,39,43
565,1985,New Jersey Nets,7,39,43
566,1985,Chicago Bulls,8,30,52
567,1985,Cleveland Cavaliers,9,29,53
568,1985,Indiana Pacers,10,26,56
569,1985,New York Knicks,11,23,59
570,1986,Los Angeles Lakers,1,65,17
571,1986,Dallas Mavericks,2,55,27
572,1986,Portland Trail Blazers,3,49,33
573,1986,Utah Jazz,4,44,38
574,1986,Golden State Warriors,5,42,40
575,1986,Houston Rockets,6,42,40
576,1986,Seattle Supersonics,7,39,43
577,1986,Denver Nuggets,8,37,45
578,1986,Phoenix Suns,9,36,46
579,1986,Sacramento Kings,10,29,53
580,1986,San Antonio Spurs,11,28,54
581,1986,Los Angeles Clippers,12,12,70
582,1986,Boston Celtics,1,59,23
583,1986,Atlanta Hawks,2,57,25
584,1986,Detroit Pistons,3,52,30
585,1986,Milwaukee Bucks,4,50,32
586,1986,Philadelphia 76ers,5,45,37
587,1986,Washington Bullets,6,42,40
588,1986,Indiana Pacers,7,41,41
589,1986,Chicago Bulls,8,40,42
590,1986,Cleveland Cavaliers,9,31,51
591,1986,New Jersey Nets,10,24,58
592,1986,New York Knicks,11,24,58
593,1987,Los Angeles Lakers,1,62,20
594,1987,Denver Nuggets,2,54,28
595,1987,Dallas Mavericks,3,53,29
596,1987,Portland Trail Blazers,4,53,29
597,1987,Utah Jazz,5,47,35
598,1987,Houston Rockets,6,46,36
599,1987,Seattle Supersonics,7,44,38
600,1987,San Antonio Spurs,8,31,51
601,1987,Phoenix Suns,9,28,54
602,1987,Sacramento Kings,10,24,58
603,1987,Golden State Warriors,11,20,62
604,1987,Los Angeles Clippers,12,17,65
605,1987,Boston Celtics,1,57,25
606,1987,Detroit Pistons,2,54,28
607,1987,Chicago Bulls,3,50,32
608,1987,Atlanta Hawks,4,50,32
609,1987,Milwaukee Bucks,5,42,40
610,1987,Cleveland Cavaliers,6,42,40
611,1987,Washington Bullets,7,38,44
612,1987,New York Knicks,8,38,44
613,1987,Indiana Pacers,9,38,44
614,1987,Philadelphia 76ers,10,36,46
615,1987,New Jersey Nets,11,19,63
616,1988,Los Angeles Lakers,1,57,25
617,1988,Utah Jazz,2,51,31
618,1988,Phoenix Suns,3,55,27
619,1988,Seattle Supersonics,4,47,35
620,1988,Houston Rockets,5,45,37
621,1988,Denver Nuggets,6,44,38
622,1988,Golden State Warriors,7,43,39
623,1988,Portland Trail Blazers,8,39,43
624,1988,Dallas Mavericks,9,38,44
625,1988,Sacramento Kings,10,27,55
626,1988,San Antonio Spurs,11,21,61
627,1988,Los Angeles Clippers,12,21,61
628,1988,Miami Heat,13,15,67
629,1988,Detroit Pistons,1,63,19
630,1988,New York Knicks,2,52,30
631,1988,Cleveland Cavaliers,3,57,25
632,1988,Atlanta Hawks,4,52,30
633,1988,Milwaukee Bucks,5,49,33
634,1988,Chicago Bulls,6,47,35
635,1988,Philadelphia 76ers,7,46,36
636,1988,Boston Celtics,8,42,40
637,1988,Washington Bullets,9,40,42
638,1988,Indiana Pacers,10,28,54
639,1988,New Jersey Nets,11,26,56
640,1988,Charlotte Hornets,12,20,62
641,1989,Los Angeles Lakers,1,63,19
642,1989,San Antonio Spurs,2,56,26
643,1989,Portland Trail Blazers,3,59,23
644,1989,Utah Jazz,4,55,27
645,1989,Phoenix Suns,5,54,28
646,1989,Dallas Mavericks,6,47,35
647,1989,Denver Nuggets,7,43,39
648,1989,Houston Rockets,8,41,41
649,1989,Seattle Supersonics,9,41,41
650,1989,Golden State Warriors,10,37,45
651,1989,Los Angeles Clippers,11,30,52
652,1989,Sacramento Kings,12,23,59
653,1989,Minnesota Timberwolves,13,22,60
654,1989,Charlotte Hornets,14,19,63
655,1989,Detroit Pistons,1,59,23
656,1989,Philadelphia 76ers,2,53,29
657,1989,Chicago Bulls,3,55,27
658,1989,Boston Celtics,4,52,30
659,1989,New York Knicks,5,45,37
660,1989,Milwaukee Bucks,6,44,38
661,1989,Cleveland Cavaliers,7,42,40
662,1989,Indiana Pacers,8,42,40
663,1989,Atlanta Hawks,9,41,41
664,1989,Washington Bullets,10,31,51
665,1989,Miami Heat,11,18,64
666,1989,Orlando Magic,12,18,64
667,1989,New Jersey Nets,13,17,65
668,1990,Portland Trail Blazers,1,63,19
669,1990,San Antonio Spurs,2,55,27
670,1990,Los Angeles Lakers,3,58,24
671,1990,Phoenix Suns,4,55,27
672,1990,Utah Jazz,5,54,28
673,1990,Houston Rockets,6,52,30
674,1990,Golden State Warriors,7,44,38
675,1990,Seattle Supersonics,8,41,41
676,1990,Orlando Magic,9,31,51
677,1990,Los Angeles Clippers,10,31,51
678,1990,Minnesota Timberwolves,11,29,53
679,1990,Dallas Mavericks,12,28,54
680,1990,Sacramento Kings,13,25,57
681,1990,Denver Nuggets,14,20,62
682,1990,Chicago Bulls,1,61,21
683,1990,Boston Celtics,2,56,26
684,1990,Detroit Pistons,3,50,32
685,1990,Milwaukee Bucks,4,48,34
686,1990,Philadelphia 76ers,5,44,38
687,1990,Atlanta Hawks,6,43,39
688,1990,Indiana Pacers,7,41,41
689,1990,New York Knicks,8,39,43
690,1990,Cleveland Cavaliers,9,33,49
691,1990,Washington Bullets,10,30,52
692,1990,New Jersey Nets,11,26,56
693,1990,Charlotte Hornets,12,26,56
694,1990,Miami Heat,13,24,58
695,1991,Portland Trail Blazers,1,57,25
696,1991,Utah Jazz,2,55,27
697,1991,Golden State Warriors,3,55,27
698,1991,Phoenix Suns,4,53,29
699,1991,San Antonio Spurs,5,47,35
700,1991,Seattle Supersonics,6,47,35
701,1991,Los Angeles Clippers,7,45,37
702,1991,Los Angeles Lakers,8,43,39
703,1991,Houston Rockets,9,42,40
704,1991,Sacramento Kings,10,29,53
705,1991,Denver Nuggets,11,24,58
706,1991,Dallas Mavericks,12,22,60
707,1991,Minnesota Timberwolves,13,15,67
708,1991,Chicago Bulls,1,67,15
709,1991,Boston Celtics,2,51,31
710,1991,Cleveland Cavaliers,3,57,25
711,1991,New York Knicks,4,51,31
712,1991,Detroit Pistons,5,48,34
713,1991,New Jersey Nets,6,40,42
714,1991,Indiana Pacers,7,40,42
715,1991,Miami Heat,8,38,44
716,1991,Atlanta Hawks,9,38,44
717,1991,Philadelphia 76ers,10,35,47
718,1991,Charlotte Hornets,11,31,51
719,1991,Milwaukee Bucks,12,31,51
720,1991,Washington Bullets,13,25,57
721,1991,Orlando Magic,14,21,61
722,1992,Phoenix Suns,1,62,20
723,1992,Houston Rockets,2,55,27
724,1992,Seattle Supersonics,3,55,27
725,1992,Portland Trail Blazers,4,51,31
726,1992,San Antonio Spurs,5,49,33
727,1992,Utah Jazz,6,47,35
728,1992,Los Angeles Clippers,7,41,41
729,1992,Los Angeles Lakers,8,39,43
730,1992,Denver Nuggets,9,36,46
731,1992,Golden State Warriors,10,34,48
732,1992,Sacramento Kings,11,25,57
733,1992,Minnesota Timberwolves,12,19,63
734,1992,Dallas Mavericks,13,11,71
735,1992,New York Knicks,1,60,22
736,1992,Chicago Bulls,2,57,25
737,1992,Cleveland Cavaliers,3,54,28
738,1992,Boston Celtics,4,48,34
739,1992,Charlotte Hornets,5,44,38
740,1992,New Jersey Nets,6,43,39
741,1992,Atlanta Hawks,7,43,39
742,1992,Indiana Pacers,8,41,41
743,1992,Orlando Magic,9,41,41
744,1992,Detroit Pistons,10,40,42
745,1992,Miami Heat,11,36,46
746,1992,Milwaukee Bucks,12,28,54
747,1992,Philadelphia 76ers,13,26,56
748,1992,Washington Bullets,14,22,60
749,1993,Seattle Supersonics,1,63,19
750,1993,Houston Rockets,2,58,24
751,1993,Phoenix Suns,3,56,26
752,1993,San Antonio Spurs,4,55,27
753,1993,Utah Jazz,5,53,29
754,1993,Golden State Warriors,6,50,32
755,1993,Portland Trail Blazers,7,47,35
756,1993,Denver Nuggets,8,42,40
757,1993,Los Angeles Lakers,9,33,49
758,1993,Sacramento Kings,10,28,54
759,1993,Los Angeles Clippers,11,27,55
760,1993,Minnesota Timberwolves,12,20,62
761,1993,Dallas Mavericks,13,13,69
762,1993,Atlanta Hawks,1,57,25
763,1993,New York Knicks,2,57,25
764,1993,Chicago Bulls,3,55,27
765,1993,Orlando Magic,4,50,32
766,1993,Indiana Pacers,5,47,35
767,1993,Cleveland Cavaliers,6,47,35
768,1993,New Jersey Nets,7,45,37
769,1993,Miami Heat,8,42,40
770,1993,Charlotte Hornets,9,41,41
771,1993,Boston Celtics,10,32,50
772,1993,Philadelphia 76ers,11,25,57
773,1993,Washington Bullets,12,24,58
774,1993,Milwaukee Bucks,13,20,62
775,1993,Detroit Pistons,14,20,62
776,1994,San Antonio Spurs,1,62,20
777,1994,Phoenix Suns,2,59,23
778,1994,Utah Jazz,3,60,22
779,1994,Seattle Supersonics,4,57,25
780,1994,Los Angeles Lakers,5,48,34
781,1994,Houston Rockets,6,47,35
782,1994,Portland Trail Blazers,7,44,38
783,1994,Denver Nuggets,8,41,41
784,1994,Sacramento Kings,9,39,43
785,1994,Dallas Mavericks,10,36,46
786,1994,Golden State Warriors,11,26,56
787,1994,Minnesota Timberwolves,12,21,61
788,1994,Los Angeles Clippers,13,17,65
789,1994,Orlando Magic,1,57,25
790,1994,Indiana Pacers,2,52,30
791,1994,New York Knicks,3,55,27
792,1994,Charlotte Hornets,4,50,32
793,1994,Chicago Bulls,5,47,35
794,1994,Cleveland Cavaliers,6,43,39
795,1994,Atlanta Hawks,7,42,40
796,1994,Boston Celtics,8,35,47
797,1994,Milwaukee Bucks,9,34,48
798,1994,Miami Heat,10,32,50
799,1994,New Jersey Nets,11,30,52
800,1994,Detroit Pistons,12,28,54
801,1994,Philadelphia 76ers,13,24,58
802,1994,Washington Bullets,14,21,61
803,1995,Seattle Supersonics,1,64,18
804,1995,San Antonio Spurs,2,59,23
805,1995,Utah Jazz,3,55,27
806,1995,Los Angeles Lakers,4,53,29
807,1995,Houston Rockets,5,48,34
808,1995,Portland Trail Blazers,6,44,38
809,1995,Phoenix Suns,7,41,41
810,1995,Sacramento Kings,8,39,43
811,1995,Golden State Warriors,9,36,46
812,1995,Denver Nuggets,10,35,47
813,1995,Los Angeles Clippers,11,29,53
814,1995,Minnesota Timberwolves,12,26,56
815,1995,Dallas Mavericks,13,26,56
816,1995,Vancouver Grizzlies,14,15,67
817,1995,Chicago Bulls,1,72,10
818,1995,Orlando Magic,2,60,22
819,1995,Indiana Pacers,3,52,30
820,1995,Cleveland Cavaliers,4,47,35
821,1995,New York Knicks,5,47,35
822,1995,Atlanta Hawks,6,46,36
823,1995,Detroit Pistons,7,46,36
824,1995,Miami Heat,8,42,40
825,1995,Charlotte Hornets,9,41,41
826,1995,Washington Bullets,10,39,43
827,1995,Boston Celtics,11,33,49
828,1995,New Jersey Nets,12,30,52
829,1995,Milwaukee Bucks,13,25,57
830,1995,Toronto Raptors,14,21,61
831,1995,Philadelphia 76ers,15,18,64
832,1996,Utah Jazz,1,64,18
833,1996,Seattle Supersonics,2,57,25
834,1996,Houston Rockets,3,57,25
835,1996,Los Angeles Lakers,4,56,26
836,1996,Portland Trail Blazers,5,49,33
837,1996,Minnesota Timberwolves,6,40,42
838,1996,Phoenix Suns,7,40,42
839,1996,Los Angeles Clippers,8,36,46
840,1996,Sacramento Kings,9,34,48
841,1996,Golden State Warriors,10,30,52
842,1996,Dallas Mavericks,11,24,58
843,1996,Denver Nuggets,12,21,61
844,1996,San Antonio Spurs,13,20,62
845,1996,Vancouver Grizzlies,14,14,68
846,1996,Chicago Bulls,1,69,13
847,1996,Miami Heat,2,61,21
848,1996,New York Knicks,3,57,25
849,1996,Atlanta Hawks,4,56,26
850,1996,Detroit Pistons,5,54,28
851,1996,Charlotte Hornets,6,54,28
852,1996,Orlando Magic,7,45,37
853,1996,Washington Bullets,8,44,38
854,1996,Cleveland Cavaliers,9,42,40
855,1996,Indiana Pacers,10,39,43
856,1996,Milwaukee Bucks,11,33,49
857,1996,Toronto Raptors,12,30,52
858,1996,New Jersey Nets,13,26,56
859,1996,Philadelphia 76ers,14,22,60
860,1996,Boston Celtics,15,15,67
861,1997,Utah Jazz,1,62,20
862,1997,Seattle Supersonics,2,61,21
863,1997,Los Angeles Lakers,3,61,21
864,1997,Phoenix Suns,4,56,26
865,1997,San Antonio Spurs,5,56,26
866,1997,Portland Trail Blazers,6,46,36
867,1997,Minnesota Timberwolves,7,45,37
868,1997,Houston Rockets,8,41,41
869,1997,Sacramento Kings,9,27,55
870,1997,Dallas Mavericks,10,20,62
871,1997,Vancouver Grizzlies,11,19,63
872,1997,Golden State Warriors,12,19,63
873,1997,Los Angeles Clippers,13,17,65
874,1997,Denver Nuggets,14,11,71
875,1997,Chicago Bulls,1,62,20
876,1997,Miami Heat,2,55,27
877,1997,Indiana Pacers,3,58,24
878,1997,Charlotte Hornets,4,51,31
879,1997,Atlanta Hawks,5,50,32
880,1997,Cleveland Cavaliers,6,47,35
881,1997,New York Knicks,7,43,39
882,1997,New Jersey Nets,8,43,39
883,1997,Washington Wizards,9,42,40
884,1997,Orlando Magic,10,41,41
885,1997,Detroit Pistons,11,37,45
886,1997,Boston Celtics,12,36,46
887,1997,Milwaukee Bucks,13,36,46
888,1997,Philadelphia 76ers,14,31,51
889,1997,Toronto Raptors,15,16,66
890,1998,San Antonio Spurs,1,37,13
891,1998,Utah Jazz,2,37,13
892,1998,Portland Trail Blazers,3,35,15
893,1998,Houston Rockets,4,31,19
894,1998,Los Angeles Lakers,5,31,19
895,1998,Phoenix Suns,6,27,23
896,1998,Sacramento Kings,7,27,23
897,1998,Minnesota Timberwolves,8,25,25
898,1998,Seattle Supersonics,9,25,25
899,1998,Golden State Warriors,10,21,29
900,1998,Dallas Mavericks,11,19,31
901,1998,Denver Nuggets,12,14,36
902,1998,Los Angeles Clippers,13,9,41
903,1998,Vancouver Grizzlies,14,8,42
904,1998,Miami Heat,1,33,17
905,1998,Indiana Pacers,2,33,17
906,1998,Orlando Magic,3,33,17
907,1998,Atlanta Hawks,4,31,19
908,1998,Detroit Pistons,5,29,21
909,1998,Philadelphia 76ers,6,28,22
910,1998,Milwaukee Bucks,7,28,22
911,1998,New York Knicks,8,27,23
912,1998,Charlotte Hornets,9,26,24
913,1998,Toronto Raptors,10,23,27
914,1998,Cleveland Cavaliers,11,22,28
915,1998,Boston Celtics,12,19,31
916,1998,Washington Wizards,13,18,32
917,1998,New Jersey Nets,14,16,34
918,1998,Chicago Bulls,15,13,37
919,1999,Los Angeles Lakers,1,67,15
920,1999,Utah Jazz,2,55,27
921,1999,Portland Trail Blazers,3,59,23
922,1999,San Antonio Spurs,4,53,29
923,1999,Phoenix Suns,5,53,29
924,1999,Minnesota Timberwolves,6,50,32
925,1999,Seattle Supersonics,7,45,37
926,1999,Sacramento Kings,8,44,38
927,1999,Dallas Mavericks,9,40,42
928,1999,Denver Nuggets,10,35,47
929,1999,Houston Rockets,11,34,48
930,1999,Vancouver Grizzlies,12,22,60
931,1999,Golden State Warriors,13,19,63
932,1999,Los Angeles Clippers,14,15,67
933,1999,Indiana Pacers,1,56,26
934,1999,Miami Heat,2,52,30
935,1999,New York Knicks,3,50,32
936,1999,Philadelphia 76ers,4,49,33
937,1999,Charlotte Hornets,5,49,33
938,1999,Toronto Raptors,6,45,37
939,1999,Detroit Pistons,7,42,40
940,1999,Milwaukee Bucks,8,42,40
941,1999,Orlando Magic,9,41,41
942,1999,Boston Celtics,10,35,47
943,1999,Cleveland Cavaliers,11,32,50
944,1999,New Jersey Nets,12,31,51
945,1999,Washington Wizards,13,29,53
946,1999,Atlanta Hawks,14,28,54
947,1999,Chicago Bulls,15,17,65
948,2000,San Antonio Spurs,1,58,24
949,2000,Los Angeles Lakers,2,56,26
950,2000,Sacramento Kings,3,55,27
951,2000,Utah Jazz,4,53,29
952,2000,Dallas Mavericks,5,53,29
953,2000,Phoenix Suns,6,51,31
954,2000,Portland Trail Blazers,7,50,32
955,2000,Minnesota Timberwolves,8,47,35
956,2000,Houston Rockets,9,45,37
957,2000,Seattle Supersonics,10,44,38
958,2000,Denver Nuggets,11,40,42
959,2000,Los Angeles Clippers,12,31,51
960,2000,Vancouver Grizzlies,13,23,59
961,2000,Golden State Warriors,14,17,65
962,2000,Philadelphia 76ers,1,56,26
963,2000,Milwaukee Bucks,2,52,30
964,2000,Miami Heat,3,50,32
965,2000,New York Knicks,4,48,34
966,2000,Toronto Raptors,5,47,35
967,2000,Charlotte Hornets,6,46,36
968,2000,Orlando Magic,7,43,39
969,2000,Indiana Pacers,8,41,41
970,2000,Boston Celtics,9,36,46
971,2000,Detroit Pistons,10,32,50
972,2000,Cleveland Cavaliers,11,30,52
973,2000,New Jersey Nets,12,26,56
974,2000,Atlanta Hawks,13,25,57
975,2000,Washington Wizards,14,19,63
976,2000,Chicago Bulls,15,15,67
977,2001,Sacramento Kings,1,61,21
978,2001,San Antonio Spurs,2,58,24
979,2001,Los Angeles Lakers,3,58,24
980,2001,Dallas Mavericks,4,57,25
981,2001,Minnesota Timberwolves,5,50,32
982,2001,Portland Trail Blazers,6,49,33
983,2001,Seattle Supersonics,7,45,37
984,2001,Utah Jazz,8,44,38
985,2001,Los Angeles Clippers,9,39,43
986,2001,Phoenix Suns,10,36,46
987,2001,Houston Rockets,11,28,54
988,2001,Denver Nuggets,12,27,55
989,2001,Memphis Grizzlies,13,23,59
990,2001,Golden State Warriors,14,21,61
991,2001,New Jersey Nets,1,52,30
992,2001,Detroit Pistons,2,50,32
993,2001,Boston Celtics,3,49,33
994,2001,Charlotte Hornets,4,44,38
995,2001,Orlando Magic,5,44,38
996,2001,Philadelphia 76ers,6,43,39
997,2001,Toronto Raptors,7,42,40
998,2001,Indiana Pacers,8,42,40
999,2001,Milwaukee Bucks,9,41,41
1000,2001,Washington Wizards,10,37,45
1001,2001,Miami Heat,11,36,46
1002,2001,Atlanta Hawks,12,33,49
1003,2001,New York Knicks,13,30,52
1004,2001,Cleveland Cavaliers,14,29,53
1005,2001,Chicago Bulls,15,21,61
1006,2002,San Antonio Spurs,1,60,22
1007,2002,Sacramento Kings,2,59,23
1008,2002,Dallas Mavericks,3,60,22
1009,2002,Minnesota Timberwolves,4,51,31
1010,2002,Los Angeles Lakers,5,50,32
1011,2002,Portland Trail Blazers,6,50,32
1012,2002,Utah Jazz,7,47,35
1013,2002,Phoenix Suns,8,44,38
1014,2002,Houston Rockets,9,43,39
1015,2002,Seattle Supersonics,10,40,42
1016,2002,Golden State Warriors,11,38,44
1017,2002,Memphis Grizzlies,12,28,54
1018,2002,Los Angeles Clippers,13,27,55
1019,2002,Denver Nuggets,14,17,65
1020,2002,Detroit Pistons,1,50,32
1021,2002,New Jersey Nets,2,49,33
1022,2002,Indiana Pacers,3,48,34
1023,2002,Philadelphia 76ers,4,48,34
1024,2002,New Orleans Hornets,5,47,35
1025,2002,Boston Celtics,6,44,38
1026,2002,Milwaukee Bucks,7,42,40
1027,2002,Orlando Magic,8,42,40
1028,2002,Washington Wizards,9,37,45
1029,2002,New York Knicks,10,37,45
1030,2002,Atlanta Hawks,11,35,47
1031,2002,Chicago Bulls,12,30,52
1032,2002,Miami Heat,13,25,57
1033,2002,Toronto Raptors,14,24,58
1034,2002,Cleveland Cavaliers,15,17,65
1035,2003,Minnesota Timberwolves,1,58,24
1036,2003,Los Angeles Lakers,2,56,26
1037,2003,San Antonio Spurs,3,57,25
1038,2003,Sacramento Kings,4,55,27
1039,2003,Dallas Mavericks,5,52,30
1040,2003,Memphis Grizzlies,6,50,32
1041,2003,Houston Rockets,7,45,37
1042,2003,Denver Nuggets,8,43,39
1043,2003,Utah Jazz,9,42,40
1044,2003,Portland Trail Blazers,10,41,41
1045,2003,Golden State Warriors,11,37,45
1046,2003,Seattle Supersonics,12,37,45
1047,2003,Phoenix Suns,13,29,53
1048,2003,Los Angeles Clippers,14,28,54
1049,2003,Indiana Pacers,1,61,21
1050,2003,New Jersey Nets,2,47,35
1051,2003,Detroit Pistons,3,54,28
1052,2003,Miami Heat,4,42,40
1053,2003,New Orleans Hornets,5,41,41
1054,2003,Milwaukee Bucks,6,41,41
1055,2003,New York Knicks,7,39,43
1056,2003,Boston Celtics,8,36,46
1057,2003,Cleveland Cavaliers,9,35,47
1058,2003,Toronto Raptors,10,33,49
1059,2003,Philadelphia 76ers,11,33,49
1060,2003,Atlanta Hawks,12,28,54
1061,2003,Washington Wizards,13,25,57
1062,2003,Chicago Bulls,14,23,59
1063,2003,Orlando Magic,15,21,61
1064,2004,Phoenix Suns,1,62,20
1065,2004,San Antonio Spurs,2,59,23
1066,2004,Seattle Supersonics,3,52,30
1067,2004,Dallas Mavericks,4,58,24
1068,2004,Houston Rockets,5,51,31
1069,2004,Sacramento Kings,6,50,32
1070,2004,Denver Nuggets,7,49,33
1071,2004,Memphis Grizzlies,8,45,37
1072,2004,Minnesota Timberwolves,9,44,38
1073,2004,Los Angeles Clippers,10,37,45
1074,2004,Los Angeles Lakers,11,34,48
1075,2004,Golden State Warriors,12,34,48
1076,2004,Portland Trail Blazers,13,27,55
1077,2004,Utah Jazz,14,26,56
1078,2004,New Orleans Hornets,15,18,64
1079,2004,Miami Heat,1,59,23
1080,2004,Detroit Pistons,2,54,28
1081,2004,Boston Celtics,3,45,37
1082,2004,Chicago Bulls,4,47,35
1083,2004,Washington Wizards,5,45,37
1084,2004,Indiana Pacers,6,44,38
1085,2004,Philadelphia 76ers,7,43,39
1086,2004,New Jersey Nets,8,42,40
1087,2004,Cleveland Cavaliers,9,42,40
1088,2004,Orlando Magic,10,36,46
1089,2004,Toronto Raptors,11,33,49
1090,2004,New York Knicks,12,33,49
1091,2004,Milwaukee Bucks,13,30,52
1092,2004,Charlotte Bobcats,14,18,64
1093,2004,Atlanta Hawks,15,13,69
1094,2005,San Antonio Spurs,1,63,19
1095,2005,Phoenix Suns,2,54,28
1096,2005,Denver Nuggets,3,44,38
1097,2005,Dallas Mavericks,4,60,22
1098,2005,Memphis Grizzlies,5,49,33
1099,2005,Los Angeles Clippers,6,47,35
1100,2005,Los Angeles Lakers,7,45,37
1101,2005,Sacramento Kings,8,44,38
1102,2005,Utah Jazz,9,41,41
1103,2005,New Orleans/Oklahoma City Hornets,10,38,44
1104,2005,Seattle Supersonics,11,35,47
1105,2005,Houston Rockets,12,34,48
1106,2005,Golden State Warriors,13,34,48
1107,2005,Minnesota Timberwolves,14,33,49
1108,2005,Portland Trail Blazers,15,21,61
1109,2005,Detroit Pistons,1,64,18
1110,2005,Miami Heat,2,52,30
1111,2005,New Jersey Nets,3,49,33
1112,2005,Cleveland Cavaliers,4,50,32
1113,2005,Washington Wizards,5,42,40
1114,2005,Indiana Pacers,6,41,41
1115,2005,Chicago Bulls,7,41,41
1116,2005,Milwaukee Bucks,8,40,42
1117,2005,Philadelphia 76ers,9,38,44
1118,2005,Orlando Magic,10,36,46
1119,2005,Boston Celtics,11,33,49
1120,2005,Toronto Raptors,12,27,55
1121,2005,Charlotte Bobcats,13,26,56
1122,2005,Atlanta Hawks,14,26,56
1123,2005,New York Knicks,15,23,59
1124,2006,Dallas Mavericks,1,67,15
1125,2006,Phoenix Suns,2,61,21
1126,2006,San Antonio Spurs,3,58,24
1127,2006,Utah Jazz,4,51,31
1128,2006,Houston Rockets,5,52,30
1129,2006,Denver Nuggets,6,45,37
1130,2006,Los Angeles Lakers,7,42,40
1131,2006,Golden State Warriors,8,42,40
1132,2006,Los Angeles Clippers,9,40,42
1133,2006,New Orleans/Oklahoma City Hornets,10,39,43
1134,2006,Sacramento Kings,11,33,49
1135,2006,Portland Trail Blazers,12,32,50
1136,2006,Minnesota Timberwolves,13,32,50
1137,2006,Seattle Supersonics,14,31,51
1138,2006,Memphis Grizzlies,15,22,60
1139,2006,Detroit Pistons,1,53,29
1140,2006,Cleveland Cavaliers,2,50,32
1141,2006,Toronto Raptors,3,47,35
1142,2006,Miami Heat,4,44,38
1143,2006,Chicago Bulls,5,49,33
1144,2006,New Jersey Nets,6,41,41
1145,2006,Washington Wizards,7,41,41
1146,2006,Orlando Magic,8,40,42
1147,2006,Indiana Pacers,9,35,47
1148,2006,Philadelphia 76ers,10,35,47
1149,2006,Charlotte Bobcats,11,33,49
1150,2006,New York Knicks,12,33,49
1151,2006,Atlanta Hawks,13,30,52
1152,2006,Milwaukee Bucks,14,28,54
1153,2006,Boston Celtics,15,24,58
1154,2007,Los Angeles Lakers,1,57,25
1155,2007,New Orleans Hornets,2,56,26
1156,2007,San Antonio Spurs,3,56,26
1157,2007,Utah Jazz,4,54,28
1158,2007,Houston Rockets,5,55,27
1159,2007,Phoenix Suns,6,55,27
1160,2007,Dallas Mavericks,7,51,31
1161,2007,Denver Nuggets,8,50,32
1162,2007,Golden State Warriors,9,48,34
1163,2007,Portland Trail Blazers,10,41,41
1164,2007,Sacramento Kings,11,38,44
1165,2007,Los Angeles Clippers,12,23,59
1166,2007,Minnesota Timberwolves,13,22,60
1167,2007,Memphis Grizzlies,14,22,60
1168,2007,Seattle Supersonics,15,20,62
1169,2007,Boston Celtics,1,66,16
1170,2007,Detroit Pistons,2,59,23
1171,2007,Orlando Magic,3,52,30
1172,2007,Cleveland Cavaliers,4,45,37
1173,2007,Washington Wizards,5,43,39
1174,2007,Toronto Raptors,6,41,41
1175,2007,Philadelphia 76ers,7,40,42
1176,2007,Atlanta Hawks,8,37,45
1177,2007,Indiana Pacers,9,36,46
1178,2007,New Jersey Nets,10,34,48
1179,2007,Chicago Bulls,11,33,49
1180,2007,Charlotte Bobcats,12,32,50
1181,2007,Milwaukee Bucks,13,26,56
1182,2007,New York Knicks,14,23,59
1183,2007,Miami Heat,15,15,67
1184,2008,Los Angeles Lakers,1,65,17
1185,2008,Denver Nuggets,2,54,28
1186,2008,San Antonio Spurs,3,54,28
1187,2008,Portland Trail Blazers,4,54,28
1188,2008,Houston Rockets,5,53,29
1189,2008,Dallas Mavericks,6,50,32
1190,2008,New Orleans Hornets,7,49,33
1191,2008,Utah Jazz,8,48,34
1192,2008,Phoenix Suns,9,46,36
1193,2008,Golden State Warriors,10,29,53
1194,2008,Minnesota Timberwolves,11,24,58
1195,2008,Memphis Grizzlies,12,24,58
1196,2008,Oklahoma City Thunder,13,23,59
1197,2008,Los Angeles Clippers,14,19,63
1198,2008,Sacramento Kings,15,17,65
1199,2008,Cleveland Cavaliers,1,66,16
1200,2008,Boston Celtics,2,62,20
1201,2008,Orlando Magic,3,59,23
1202,2008,Atlanta Hawks,4,47,35
1203,2008,Miami Heat,5,43,39
1204,2008,Philadelphia 76ers,6,41,41
1205,2008,Chicago Bulls,7,41,41
1206,2008,Detroit Pistons,8,39,43
1207,2008,Indiana Pacers,9,36,46
1208,2008,Charlotte Bobcats,10,35,47
1209,2008,New Jersey Nets,11,34,48
1210,2008,Milwaukee Bucks,12,34,48
1211,2008,Toronto Raptors,13,33,49
1212,2008,New York Knicks,14,32,50
1213,2008,Washington Wizards,15,19,63
1214,2009,Los Angeles Lakers,1,57,25
1215,2009,Dallas Mavericks,2,55,27
1216,2009,Phoenix Suns,3,54,28
1217,2009,Denver Nuggets,4,53,29
1218,2009,Utah Jazz,5,53,29
1219,2009,Portland Trail Blazers,6,50,32
1220,2009,San Antonio Spurs,7,50,32
1221,2009,Oklahoma City Thunder,8,50,32
1222,2009,Houston Rockets,9,42,40
1223,2009,Memphis Grizzlies,10,40,42
1224,2009,New Orleans Hornets,11,37,45
1225,2009,Los Angeles Clippers,12,29,53
1226,2009,Golden State Warriors,13,26,56
1227,2009,Sacramento Kings,14,25,57
1228,2009,Minnesota Timberwolves,15,15,67
1229,2009,Cleveland Cavaliers,1,61,21
1230,2009,Orlando Magic,2,59,23
1231,2009,Atlanta Hawks,3,53,29
1232,2009,Boston Celtics,4,50,32
1233,2009,Miami Heat,5,47,35
1234,2009,Milwaukee Bucks,6,46,36
1235,2009,Charlotte Bobcats,7,44,38
1236,2009,Chicago Bulls,8,41,41
1237,2009,Toronto Raptors,9,40,42
1238,2009,Indiana Pacers,10,32,50
1239,2009,New York Knicks,11,29,53
1240,2009,Detroit Pistons,12,27,55
1241,2009,Philadelphia 76ers,13,27,55
1242,2009,Washington Wizards,14,26,56
1243,2009,New Jersey Nets,15,12,70
1244,2010,San Antonio Spurs,1,61,21
1245,2010,Los Angeles Lakers,2,57,25
1246,2010,Dallas Mavericks,3,57,25
1247,2010,Oklahoma City Thunder,4,55,27
1248,2010,Denver Nuggets,5,50,32
1249,2010,Portland Trail Blazers,6,48,34
1250,2010,New Orleans Hornets,7,46,36
1251,2010,Memphis Grizzlies,8,46,36
1252,2010,Houston Rockets,9,43,39
1253,2010,Phoenix Suns,10,40,42
1254,2010,Utah Jazz,11,39,43
1255,2010,Golden State Warriors,12,36,46
1256,2010,Los Angeles Clippers,13,32,50
1257,2010,Sacramento Kings,14,24,58
1258,2010,Minnesota Timberwolves,15,17,65
1259,2010,Chicago Bulls,1,62,20
1260,2010,Miami Heat,2,58,24
1261,2010,Boston Celtics,3,56,26
1262,2010,Orlando Magic,4,52,30
1263,2010,Atlanta Hawks,5,44,38
1264,2010,New York Knicks,6,42,40
1265,2010,Philadelphia 76ers,7,41,41
1266,2010,Indiana Pacers,8,37,45
1267,2010,Milwaukee Bucks,9,35,47
1268,2010,Charlotte Bobcats,10,34,48
1269,2010,Detroit Pistons,11,30,52
1270,2010,New Jersey Nets,12,24,58
1271,2010,Washington Wizards,13,23,59
1272,2010,Toronto Raptors,14,22,60
1273,2010,Cleveland Cavaliers,15,19,63
1274,2011,San Antonio Spurs,1,50,16
1275,2011,Oklahoma City Thunder,2,47,19
1276,2011,Los Angeles Lakers,3,41,25
1277,2011,Memphis Grizzlies,4,41,25
1278,2011,Los Angeles Clippers,5,40,26
1279,2011,Denver Nuggets,6,38,28
1280,2011,Dallas Mavericks,7,36,30
1281,2011,Utah Jazz,8,36,30
1282,2011,Houston Rockets,9,34,32
1283,2011,Phoenix Suns,10,33,33
1284,2011,Portland Trail Blazers,11,28,38
1285,2011,Minnesota Timberwolves,12,26,40
1286,2011,Golden State Warriors,13,23,43
1287,2011,Sacramento Kings,14,22,44
1288,2011,New Orleans Hornets,15,21,45
1289,2011,Chicago Bulls,1,50,16
1290,2011,Miami Heat,2,46,20
1291,2011,Indiana Pacers,3,42,24
1292,2011,Boston Celtics,4,39,27
1293,2011,Atlanta Hawks,5,40,26
1294,2011,Orlando Magic,6,37,29
1295,2011,New York Knicks,7,36,30
1296,2011,Philadelphia 76ers,8,35,31
1297,2011,Milwaukee Bucks,9,31,35
1298,2011,Detroit Pistons,10,25,41
1299,2011,Toronto Raptors,11,23,43
1300,2011,New Jersey Nets,12,22,44
1301,2011,Cleveland Cavaliers,13,21,45
1302,2011,Washington Wizards,14,20,46
1303,2011,Charlotte Bobcats,15,7,59
1304,2012,Oklahoma City Thunder,1,60,22
1305,2012,San Antonio Spurs,2,58,24
1306,2012,Denver Nuggets,3,57,25
1307,2012,Los Angeles Clippers,4,56,26
1308,2012,Memphis Grizzlies,5,56,26
1309,2012,Golden State Warriors,6,47,35
1310,2012,Los Angeles Lakers,7,45,37
1311,2012,Houston Rockets,8,45,37
1312,2012,Utah Jazz,9,43,39
1313,2012,Dallas Mavericks,10,41,41
1314,2012,Portland Trail Blazers,11,33,49
1315,2012,Minnesota Timberwolves,12,31,51
1316,2012,Sacramento Kings,13,28,54
1317,2012,New Orleans Hornets,14,27,55
1318,2012,Phoenix Suns,15,25,57
1319,2012,Miami Heat,1,66,16
1320,2012,New York Knicks,2,54,28
1321,2012,Indiana Pacers,3,49,32
1322,2012,Brooklyn Nets,4,49,33
1323,2012,Chicago Bulls,5,45,37
1324,2012,Atlanta Hawks,6,44,38
1325,2012,Boston Celtics,7,41,40
1326,2012,Milwaukee Bucks,8,38,44
1327,2012,Philadelphia 76ers,9,34,48
1328,2012,Toronto Raptors,10,34,48
1329,2012,Detroit Pistons,11,29,53
1330,2012,Washington Wizards,12,29,53
1331,2012,Cleveland Cavaliers,13,24,58
1332,2012,Charlotte Bobcats,14,21,61
1333,2012,Orlando Magic,15,20,62
1334,2013,San Antonio Spurs,1,62,20
1335,2013,Oklahoma City Thunder,2,59,23
1336,2013,Los Angeles Clippers,3,57,25
1337,2013,Houston Rockets,4,54,28
1338,2013,Portland Trail Blazers,5,54,28
1339,2013,Golden State Warriors,6,51,31
1340,2013,Memphis Grizzlies,7,50,32
1341,2013,Dallas Mavericks,8,49,33
1342,2013,Phoenix Suns,9,48,34
1343,2013,Minnesota Timberwolves,10,40,42
1344,2013,Denver Nuggets,11,36,46
1345,2013,New Orleans Pelicans,12,34,48
1346,2013,Sacramento Kings,13,28,54
1347,2013,Los Angeles Lakers,14,27,55
1348,2013,Utah Jazz,15,25,57
1349,2013,Indiana Pacers,1,56,26
1350,2013,Miami Heat,2,54,28
1351,2013,Toronto Raptors,3,48,34
1352,2013,Chicago Bulls,4,48,34
1353,2013,Washington Wizards,5,44,38
1354,2013,Brooklyn Nets,6,44,38
1355,2013,Charlotte Bobcats,7,43,39
1356,2013,Atlanta Hawks,8,38,44
1357,2013,New York Knicks,9,37,45
1358,2013,Cleveland Cavaliers,10,33,49
1359,2013,Detroit Pistons,11,29,53
1360,2013,Boston Celtics,12,25,57
1361,2013,Orlando Magic,13,23,59
1362,2013,Philadelphia 76ers,14,19,63
1363,2013,Milwaukee Bucks,15,15,67
1364,2014,Golden State Warriors,1,67,15
1365,2014,Houston Rockets,2,56,26
1366,2014,Los Angeles Clippers,3,56,26
1367,2014,Portland Trail Blazers,4,51,31
1368,2014,Memphis Grizzlies,5,55,27
1369,2014,San Antonio Spurs,6,55,27
1370,2014,Dallas Mavericks,7,50,32
1371,2014,New Orleans Pelicans,8,45,37
1372,2014,Oklahoma City Thunder,9,45,37
1373,2014,Phoenix Suns,10,39,43
1374,2014,Utah Jazz,11,38,44
1375,2014,Denver Nuggets,12,30,52
1376,2014,Sacramento Kings,13,29,53
1377,2014,Los Angeles Lakers,14,21,61
1378,2014,Minnesota Timberwolves,15,16,66
1379,2014,Atlanta Hawks,1,60,22
1380,2014,Cleveland Cavaliers,2,53,29
1381,2014,Chicago Bulls,3,50,32
1382,2014,Toronto Raptors,4,49,33
1383,2014,Washington Wizards,5,46,36
1384,2014,Milwaukee Bucks,6,41,41
1385,2014,Boston Celtics,7,40,42
1386,2014,Brooklyn Nets,8,38,44
1387,2014,Indiana Pacers,9,38,44
1388,2014,Miami Heat,10,37,45
1389,2014,Charlotte Hornets,11,33,49
1390,2014,Detroit Pistons,12,32,50
1391,2014,Orlando Magic,13,25,57
1392,2014,Philadelphia 76ers,14,18,64
1393,2014,New York Knicks,15,17,65
1394,2015,Golden State Warriors,1,73,9
1395,2015,San Antonio Spurs,2,67,15
1396,2015,Oklahoma City Thunder,3,55,27
1397,2015,Los Angeles Clippers,4,53,29
1398,2015,Portland Trail Blazers,5,44,38
1399,2015,Dallas Mavericks,6,42,40
1400,2015,Memphis Grizzlies,7,42,40
1401,2015,Houston Rockets,8,41,41
1402,2015,Utah Jazz,9,40,42
1403,2015,Sacramento Kings,10,33,49
1404,2015,Denver Nuggets,11,33,49
1405,2015,New Orleans Pelicans,12,30,52
1406,2015,Minnesota Timberwolves,13,29,53
1407,2015,Phoenix Suns,14,23,59
1408,2015,Los Angeles Lakers,15,17,65
1409,2015,Cleveland Cavaliers,1,57,25
1410,2015,Toronto Raptors,2,56,26
1411,2015,Miami Heat,3,48,34
1412,2015,Atlanta Hawks,4,48,34
1413,2015,Boston Celtics,5,48,34
1414,2015,Charlotte Hornets,6,48,34
1415,2015,Indiana Pacers,7,45,37
1416,2015,Detroit Pistons,8,44,38
1417,2015,Chicago Bulls,9,42,40
1418,2015,Washington Wizards,10,41,41
1419,2015,Orlando Magic,11,35,47
1420,2015,Milwaukee Bucks,12,33,49
1421,2015,New York Knicks,13,32,50
1422,2015,Brooklyn Nets,14,21,61
1423,2015,Philadelphia 76ers,15,10,72
1424,2016,Golden State Warriors,1,67,15
1425,2016,San Antonio Spurs,2,61,21
1426,2016,Houston Rockets,3,55,27
1427,2016,Los Angeles Clippers,4,51,31
1428,2016,Utah Jazz,5,51,31
1429,2016,Oklahoma City Thunder,6,47,35
1430,2016,Memphis Grizzlies,7,43,39
1431,2016,Portland Trail Blazers,8,41,41
1432,2016,Denver Nuggets,9,40,42
1433,2016,New Orleans Pelicans,10,34,48
1434,2016,Dallas Mavericks,11,33,49
1435,2016,Sacramento Kings,12,32,50
1436,2016,Minnesota Timberwolves,13,31,51
1437,2016,Los Angeles Lakers,14,26,56
1438,2016,Phoenix Suns,15,24,58
1439,2016,Boston Celtics,1,53,29
1440,2016,Cleveland Cavaliers,2,51,31
1441,2016,Toronto Raptors,3,51,31
1442,2016,Washington Wizards,4,49,33
1443,2016,Atlanta Hawks,5,43,39
1444,2016,Milwaukee Bucks,6,42,40
1445,2016,Indiana Pacers,7,42,40
1446,2016,Chicago Bulls,8,41,41
1447,2016,Miami Heat,9,41,41
1448,2016,Detroit Pistons,10,37,45
1449,2016,Charlotte Hornets,11,36,46
1450,2016,New York Knicks,12,31,51
1451,2016,Orlando Magic,13,29,53
1452,2016,Philadelphia 76ers,14,28,54
1453,2016,Brooklyn Nets,15,20,62
1454,2017,Houston Rockets,1,65,17
1455,2017,Golden State Warriors,2,58,24
1456,2017,Portland Trail Blazers,3,49,33
1457,2017,Oklahoma City Thunder,4,48,34
1458,2017,Utah Jazz,5,48,34
1459,2017,New Orleans Pelicans,6,48,34
1460,2017,San Antonio Spurs,7,47,35
1461,2017,Minnesota Timberwolves,8,47,35
1462,2017,Denver Nuggets,9,46,36
1463,2017,Los Angeles Clippers,10,42,40
1464,2017,Los Angeles Lakers,11,35,47
1465,2017,Sacramento Kings,12,27,55
1466,2017,Dallas Mavericks,13,24,58
1467,2017,Memphis Grizzlies,14,22,60
1468,2017,Phoenix Suns,15,21,61
1469,2017,Toronto Raptors,1,59,23
1470,2017,Boston Celtics,2,55,27
1471,2017,Philadelphia 76ers,3,52,30
1472,2017,Cleveland Cavaliers,4,50,32
1473,2017,Indiana Pacers,5,48,34
1474,2017,Miami Heat,6,44,38
1475,2017,Milwaukee Bucks,7,44,38
1476,2017,Washington Wizards,8,43,39
1477,2017,Detroit Pistons,9,39,43
1478,2017,Charlotte Hornets,10,36,46
1479,2017,New York Knicks,11,29,53
1480,2017,Brooklyn Nets,12,28,54
1481,2017,Chicago Bulls,13,27,55
1482,2017,Orlando Magic,14,25,57
1483,2017,Atlanta Hawks,15,24,58
1484,2018,Golden State Warriors,1,57,25
1485,2018,Denver Nuggets,2,54,28
1486,2018,Portland Trail Blazers,3,53,29
1487,2018,Houston Rockets,4,53,29
1488,2018,Utah Jazz,5,50,32
1489,2018,Oklahoma City Thunder,6,49,33
1490,2018,San Antonio Spurs,7,48,34
1491,2018,Los Angeles Clippers,8,48,34
1492,2018,Sacramento Kings,9,39,43
1493,2018,Los Angeles Lakers,10,37,45
1494,2018,Minnesota Timberwolves,11,36,46
1495,2018,Memphis Grizzlies,12,33,49
1496,2018,New Orleans Pelicans,13,33,49
1497,2018,Dallas Mavericks,14,33,49
1498,2018,Phoenix Suns,15,19,63
1499,2018,Milwaukee Bucks,1,60,22
1500,2018,Toronto Raptors,2,58,24
1501,2018,Philadelphia 76ers,3,51,31
1502,2018,Boston Celtics,4,49,33
1503,2018,Indiana Pacers,5,48,34
1504,2018,Brooklyn Nets,6,42,40
1505,2018,Orlando Magic,7,42,40
1506,2018,Detroit Pistons,8,41,41
1507,2018,Charlotte Hornets,9,39,43
1508,2018,Miami Heat,10,39,43
1509,2018,Washington Wizards,11,32,50
1510,2018,Atlanta Hawks,12,29,53
1511,2018,Chicago Bulls,13,22,60
1512,2018,Cleveland Cavaliers,14,19,63
1513,2018,New York Knicks,15,17,65
1514,2019,Los Angeles Lakers,1,52,19
1515,2019,Los Angeles Clippers,2,49,23
1516,2019,Denver Nuggets,3,46,27
1517,2019,Houston Rockets,4,44,28
1518,2019,Oklahoma City Thunder,5,44,28
1519,2019,Utah Jazz,6,44,28
1520,2019,Dallas Mavericks,7,43,32
1521,2019,Portland Trail Blazers,8,35,39
1522,2019,Memphis Grizzlies,9,34,39
1523,2019,Phoenix Suns,10,34,39
1524,2019,San Antonio Spurs,11,32,39
1525,2019,Sacramento Kings,12,31,41
1526,2019,New Orleans Pelicans,13,30,42
1527,2019,Minnesota Timberwolves,14,19,45
1528,2019,Golden State Warriors,15,15,50
1529,2019,Milwaukee Bucks,1,56,17
1530,2019,Toronto Raptors,2,53,19
1531,2019,Boston Celtics,3,48,24
1532,2019,Indiana Pacers,4,45,28
1533,2019,Miami Heat,5,44,29
1534,2019,Philadelphia 76ers,6,43,30
1535,2019,Brooklyn Nets,7,35,37
1536,2019,Orlando Magic,8,33,40
1537,2019,Washington Wizards,9,25,47
1538,2019,Charlotte Hornets,10,23,42
1539,2019,Chicago Bulls,11,22,43
1540,2019,New York Knicks,12,21,45
1541,2019,Detroit Pistons,13,20,46
1542,2019,Atlanta Hawks,14,20,47
1543,2019,Cleveland Cavaliers,15,19,46
1544,2020,Utah Jazz,1,52,20
1545,2020,Phoenix Suns,2,51,21
1546,2020,Denver Nuggets,3,47,25
1547,2020,Los Angeles Clippers,4,47,25
1548,2020,Dallas Mavericks,5,42,30
1549,2020,Portland Trail Blazers,6,42,30
1550,2020,Los Angeles Lakers,7,42,30
1551,2020,Memphis Grizzlies,8,38,34
1552,2020,Golden State Warriors,9,39,33
1553,2020,San Antonio Spurs,10,33,39
1554,2020,New Orleans Pelicans,11,31,41
1555,2020,Sacramento Kings,12,31,41
1556,2020,Minnesota Timberwolves,13,23,49
1557,2020,Oklahoma City Thunder,14,22,50
1558,2020,Houston Rockets,15,17,55
1559,2020,Philadelphia 76ers,1,49,23
1560,2020,Brooklyn Nets,2,48,24
1561,2020,Milwaukee Bucks,3,46,26
1562,2020,New York Knicks,4,41,31
1563,2020,Atlanta Hawks,5,41,31
1564,2020,Miami Heat,6,40,32
1565,2020,Boston Celtics,7,36,36
1566,2020,Washington Wizards,8,34,38
1567,2020,Indiana Pacers,9,34,38
1568,2020,Charlotte Hornets,10,33,39
1569,2020,Chicago Bulls,11,31,41
1570,2020,Toronto Raptors,12,27,45
1571,2020,Cleveland Cavaliers,13,22,50
1572,2020,Orlando Magic,14,21,51
1573,2020,Detroit Pistons,15,20,52
1574,2021,Phoenix Suns,1,64,18
1575,2021,Memphis Grizzlies,2,56,26
1576,2021,Golden State Warriors,3,53,29
1577,2021,Dallas Mavericks,4,52,30
1578,2021,Utah Jazz,5,49,33
1579,2021,Denver Nuggets,6,48,34
1580,2021,Minnesota Timberwolves,7,46,36
1581,2021,New Orleans Pelicans,8,36,46
1582,2021,Los Angeles Clippers,9,42,40
1583,2021,San Antonio Spurs,10,34,48
1584,2021,Los Angeles Lakers,11,33,49
1585,2021,Sacramento Kings,12,30,52
1586,2021,Portland Trail Blazers,13,27,55
1587,2021,Oklahoma City Thunder,14,24,58
1588,2021,Houston Rockets,15,20,62
1589,2021,Miami Heat,1,53,29
1590,2021,Boston Celtics,2,51,31
1591,2021,Milwaukee Bucks,3,51,31
1592,2021,Philadelphia 76ers,4,51,31
1593,2021,Toronto Raptors,5,48,34
1594,2021,Chicago Bulls,6,46,36
1595,2021,Brooklyn Nets,7,44,38
1596,2021,Atlanta Hawks,8,43,39
1597,2021,Cleveland Cavaliers,9,44,38
1598,2021,Charlotte Hornets,10,43,39
1599,2021,New York Knicks,11,37,45
1600,2021,Washington Wizards,12,35,47
1601,2021,Indiana Pacers,13,25,57
1602,2021,Detroit Pistons,14,23,59
1603,2021,Orlando Magic,15,22,60
1604,2022,Denver Nuggets,1,53,29
1605,2022,Memphis Grizzlies,2,51,31
1606,2022,Sacramento Kings,3,48,34
1607,2022,Phoenix Suns,4,45,37
1608,2022,Los Angeles Clippers,5,44,38
1609,2022,Golden State Warriors,6,44,38
1610,2022,Los Angeles Lakers,7,43,39
1611,2022,Minnesota Timberwolves,8,42,40
1612,2022,New Orleans Pelicans,9,42,40
1613,2022,Oklahoma City Thunder,10,40,42
1614,2022,Dallas Mavericks,11,38,44
1615,2022,Utah Jazz,12,37,45
1616,2022,Portland Trail Blazers,13,33,49
1617,2022,Houston Rockets,14,22,60
1618,2022,San Antonio Spurs,15,22,60
1619,2022,Milwaukee Bucks,1,58,24
1620,2022,Boston Celtics,2,57,25
1621,2022,Philadelphia 76ers,3,54,28
1622,2022,Cleveland Cavaliers,4,51,31
1623,2022,New York Knicks,5,47,35
1624,2022,Brooklyn Nets,6,45,37
1625,2022,Atlanta Hawks,7,41,41
1626,2022,Miami Heat,8,44,38
1627,2022,Toronto Raptors,9,41,41
1628,2022,Chicago Bulls,10,40,42
1629,2022,Indiana Pacers,11,35,47
1630,2022,Washington Wizards,12,35,47
1631,2022,Orlando Magic,13,34,48
1632,2022,Charlotte Hornets,14,27,55
1633,2022,Detroit Pistons,15,17,65
